espn_id;home_team;away_team;home_abbrev;away_abbrev;score_home;score_away;date;cup;article_title;article;id;homeContestantId;awayContestantId;homeContestantOfficialName;awayContestantOfficialName;homeContestantCode;awayContestantCode;card_events;goal_events
637400;N.E.C.;FC Volendam;N.E.C.;VOL;3;0;;2022-23 Eredivisie, Regulier seizoen;;;;;;;;;;;
637401;Fortuna Sittard;Feyenoord;FOR;FEY;2;4;2023-02-26Z;2022-23 Eredivisie, Regulier seizoen;Feyenoord komt niet in de problemen in Sittard en doet opnieuw goede zaken;"Koploper Feyenoord heeft de uitwedstrijd tegen Fortuna Sittard op simpele wijze weten te winnen. De ploeg van Arne Slot kwam tegen Fortuna Sittard niet in de problemen en won met duidelijke cijfers: 2-4.

 Effectief Feyenoord
Feyenoord-trainer Slot, die voor het eerst sinds zijn blessure weer kon beschikken over Gernot Trauner, kwam sterk uit de startblokken. Beide ploegen kregen kansen op de openingstreffer, maar Feyenoord haalde daadwerkelijk de trekker over.

 Burak Yilmaz kwam namens Fortuna vlak voor de 0-1 ook tot scoren, maar hij deed dat vanuit buitenspelpositie. Vlak daarna werd een door David Hancko verlengde hoekschop door Ximo Navarro in alle vrijheid in eigen doel verwerkt: 0-1.

 Opnieuw kreeg Yilmaz een grote kans - ditmaal op de gelijkmaker - maar deze keer raakte de Turkse spits de bal niet goed. Feyenoord was daarentegen wel effectief: een kanonskogel van Mats Wieffer leverde de 0-2 voorsprong voor Feyenoord op.

 Feyenoord op rozen
Geklungel van Arianit Ferati zorgde ervoor dat Feyenoord helemaal zorgeloos de rust in ging: Santiago Giménez verzilverde een intikker en tekende voor de 0-3 ruststand.

 Na rust tapte Fortuna Sittard uit een heel ander vatje en dat leverde al snel de 1-3 op. Nadat eerst de paal werd geraakt, was het Deroy Duarte die binnenschoot. Invaller Igor Paixão leek de wedstrijd op slot te schieten door de 1-4 te maken. Ondanks dat Dimitris Siovas de 2-4 nog binnenkopte, werd de slotfase niet meer spannend. Trauner stond voor het eerst sinds lange tijd weer eens een kwartier op het veld.

###

";3o27spi6e8dd5wa2terj4jitw;3ebril33e08ddzob4bhq8awsr;20vymiy7bo8wkyxai3ew494fz;Fortuna Sittard;Feyenoord Rotterdam;FOR;FEY;[];[['Fortuna Sittard', '3ebril33e08ddzob4bhq8awsr', 1, 10, 'Ximo Navarro'], ['Feyenoord', '20vymiy7bo8wkyxai3ew494fz', 1, 16, 'M. Wieffer'], ['Feyenoord', '20vymiy7bo8wkyxai3ew494fz', 1, 43, 'S. Giménez'], ['Fortuna Sittard', '3ebril33e08ddzob4bhq8awsr', 2, 48, 'Deroy Duarte'], ['Feyenoord', '20vymiy7bo8wkyxai3ew494fz', 2, 63, 'Igor Paixão'], ['Fortuna Sittard', '3ebril33e08ddzob4bhq8awsr', 2, 84, 'D. Siovas']]
637402;Ajax;N.E.C.;AJA;N.E.C.;1;0;2023-03-05Z;2022-23 Eredivisie, Regulier seizoen;Ajax maakt geen fout tegen N.E.C.;"Ajax blijft in het spoor van koploper Feyenoord na een zuinige zege op N.E.C. Mohammed Kudus was de maker van het enige doelpunt. De Ghanees gaat de boeken in, want de de zege op N.E.C. is een mijlpaal voor Ajax. Het is namelijk de 1500e overwinning van de Amsterdammers in de Eredivisie.

 N.E.C. hield in de eerste helft stand in de Johan Cruijff Arena. De Nijmegenaren formeerden een gesloten defensie, en stonden weinig schoten toe. Wanneer de ruimte wel werd gevonden, stond Jasper Cillessen op de goede plek bij een Amsterdamse poging. Het was niet zo dat N.E.C. zich helemaal beperkte tot verdedigen. Af en toe werden er speldenprikjes uitgedeeld, door bijvoorbeeld Elayis Tavşan. Calvin Bassey, die ten faveure van Kenneth Taylor in de basis startte, toonde zich een betrouwbare bewaker van de vleugelaanvaller.

 Ajax met grote moeite langs N.E.C. 
Kudus hielp Ajax in de tweede helft over het dode punt. Een voorzet van Tadic werd bij de eerste paal gepromoveerd tot de openingstreffer door de Ghanees. Het was geen aanzet tot een grotere aanvalsgolf van de Amsterdammers. Ajax werd na het doelpunt van Kudus niet meer heel gevaarlijk.

 Ook het inbrengen van Brian Brobbey en Kenneth Taylor voor Steven Bergwijn en Steven Berghuis kon daar geen verandering in brengen. Doordat Ajax aanvallend onmachtig was, mochten de manschappen van Rogier Meijer lang blijven hopen op een punt. Meijer stuurde zelfs in de slotfase verdediger Joris Kramer naar voren als pinchitter. Het leverde echter geen kans meer op voor de gelijkmaker. 

###

";3oq6iggjm5jj15z1ngsfmdgd0;d0zdg647gvgc95xdtk1vpbkys;8iawijq7s9s6d85mjz8wdslki;AFC Ajax;Nijmegen Eendracht Combinatie;AJA;N.E.C.;[['Ajax', 'd0zdg647gvgc95xdtk1vpbkys', 1, 13, 'M. Kudus', 'YC'], ['NEC', '8iawijq7s9s6d85mjz8wdslki', 1, 46, 'B. van Rooij', 'YC'], ['NEC', '8iawijq7s9s6d85mjz8wdslki', 2, 72, 'A. Baldursson', 'YC'], ['NEC', '8iawijq7s9s6d85mjz8wdslki', 2, 95, 'O. Tannane', 'YC']];[['Ajax', 'd0zdg647gvgc95xdtk1vpbkys', 2, 52, 'M. Kudus']]
637403;Excelsior;Sparta Rotterdam;EXC;SPA;1;4;2023-03-05Z;2022-23 Eredivisie, Regulier seizoen;Sparta loopt in tweede helft uit naar ruime zege in stadsderby tegen Excelsior;"Sparta Rotterdam heeft de stadsderby tegen Excelsior gewonnen. In het Van Donge & De Roo Stadion werd het 1-4 voor de Spartanen.

 In de eerste helft ging het gelijk op, met grote kansen voor Tobias Lauritsen en Lazaros Lamprou. Na twintig minuten kwamen de bezoekers enigszins gelukkig op voorsprong, toen Excelsior-aanvoerder Redouan El Yaakoubi een voorzet van Tobias Lauritsen achter zijn eigen doelman Stijn van Gassel gleed. Nadat Lamprou een enorme kans had gemist, was het vlak voor rust Couhaib Driouech, die de geblesseerde Marouan Azarkan al vroeg in de wedstrijd verving, die de bal achter de uitkomende Nick Olij schoof.

 Direct na rust kwamen de Spartanen weer op voorsprong, op kenmerkende wijze voor de ploeg van Maurice Steijn. Lauritsen kopte een lange bal van doelman Nick Olij door, Arno Verschueren verlengde met een steekpass, en Koki Saito kon vrij voor doelman Van Gassel binnen tikken. Daarna liep Sparta snel uit, in de 56e en 60e minuut konden Lauritsen en Bart Vriends koppend scoren, twee keer uit een corner van Vito van Crooij.

 Zesde plaats
Door de overwinning verstevigt Sparta de zesde plaats in de Eredivisie, en nadert de ploeg van Maurice Steijn nummer vijf FC Twente op een punt. Excelsior staat na een reeks ruime nederlagen op de vijftiende plaats, nog maar twee punten boven de nacompetitiestreep.

###

";3ou8elq2p6383n7b8jenj0nis;dqk062lu0vm8epvytbm6r4mmf;89w5c6pw7vn0dxypi61tt0g4k;SBV Excelsior;Sparta Rotterdam;EXC;SPA;[];[['Excelsior', 'dqk062lu0vm8epvytbm6r4mmf', 1, 20, 'R. El Yaakoubi'], ['Excelsior', 'dqk062lu0vm8epvytbm6r4mmf', 1, 45, 'C. Driouech'], ['Sparta Rotterdam', '89w5c6pw7vn0dxypi61tt0g4k', 2, 49, 'K. Saito'], ['Sparta Rotterdam', '89w5c6pw7vn0dxypi61tt0g4k', 2, 56, 'T. Lauritsen'], ['Sparta Rotterdam', '89w5c6pw7vn0dxypi61tt0g4k', 2, 60, 'B. Vriends']]
637404;FC Twente;sc Heerenveen;TWE;HEE;3;3;2023-03-04Z;2022-23 Eredivisie, Regulier seizoen;Twente ziet zege uit handen glippen na late gelijkmaker Heerenveen;"FC Twente en Heerenveen hebben zaterdagavond de punten gedeeld in de Grolsch Veste. Na een doelpuntrijk duel stond er na het laatste fluitsignaal een 3-3 eindstand op het scorebord. Twente leek lang de drie punten in Enschede te houden, maar in blessuretijd ging het mis. Rami Kaib bezorgde Heerenveen nog een punt met een late gelijkmaker.

 In de eerste helft was het Heerenveen dat als eerste toesloeg. Dankzij een eigen doelpunt van Mees Hilgers kwamen de bezoekers na 25 minuten spelen op een 0-1 voorsprong. De kansenverhouding was in evenwicht in de eerste 45 minuten en dat drukte Twente later ook nog uit in de stand. Robin Pröpper kopte na 34 minuten raak, waardoor het weer 1-1 was. Vlak voor rust kreeg Heerenveen nog een domper te verwerken, want Pawel Bochniewicz viel geblesseerd uit. De teams gingen kort daarna met een gelijke stand naar de kleedkamer.

 Twente goed uit de kleedkamer
De Tukkers kwamen ook weer goed uit die kleedkamer, want binnen drie minuten kwamen ze op voorsprong. Een afvallende bal kwam terecht bij Manfred Ugalde en de aanvaller van Twente kon na een glijpartij van Jeffrey Bruma alleen op Heerenveen-doelman Xavier Mous af. Ugalde bleef rustig en schoot de 2-1 binnen.

 Twente uit en Twente thuis is dit seizoen een wereld van verschil. Het publiek sleept de ploeg van Jans er vaak doorheen en zaterdagavond leek dat ook het geval te zijn. In de 55ste minuut bouwde Twente de voorsprong namelijk uit via Václav Černý.

 Comeback Heerenveen
Heerenveen leek even nergens, maar toch kwamen de Friezen terug in de wedstrijd. Vier minuten na de goal van Černý maakte Milan van Ewijk namelijk de aansluitingstreffer. Zo werd het laatste halfuur toch nog spannend. Twente leek het lang vol te houden, maar in blessuretijd ging het dan toch mis. Jans zag de drie punten uit zijn handen glippen nadat Rami Kaib in de 91ste minuut Heerenveen toch weer op gelijke hoogte bracht. Zo hielden beide teams één punt over aan de wedstrijd.

###

";3oy31boy3sig1b5fh9o0cwz6c;4tic29sox7m39fy1ztgv0jsiq;4vd2t5schmvvufrfib7f2vjdf;FC Twente;SC Heerenveen;TWE;HEE;[['Heerenveen', '4vd2t5schmvvufrfib7f2vjdf', 1, 29, 'C. Nunnely', 'YC'], ['Heerenveen', '4vd2t5schmvvufrfib7f2vjdf', 2, 65, 'A. Colassin', 'YC'], ['Heerenveen', '4vd2t5schmvvufrfib7f2vjdf', 2, 91, 'J. van Aken', 'YC']];[['Twente', '4tic29sox7m39fy1ztgv0jsiq', 1, 25, 'M. Hilgers'], ['Twente', '4tic29sox7m39fy1ztgv0jsiq', 1, 34, 'R. Pröpper'], ['Twente', '4tic29sox7m39fy1ztgv0jsiq', 2, 48, 'M. Ugalde'], ['Twente', '4tic29sox7m39fy1ztgv0jsiq', 2, 55, 'V. Černý'], ['Heerenveen', '4vd2t5schmvvufrfib7f2vjdf', 2, 59, 'M. van Ewijk'], ['Heerenveen', '4vd2t5schmvvufrfib7f2vjdf', 2, 90, 'R. Kaib']]
637405;Vitesse;AZ;VIT;AZ;0;1;;2022-23 Eredivisie, Regulier seizoen;;;;;;;;;;;
637406;FC Utrecht;Fortuna Sittard;UTR;FOR;1;2;2023-03-03Z;2022-23 Eredivisie, Regulier seizoen;Rampweek Utrecht compleet na nederlaag tegen Fortuna;"FC Utrecht is voor de tweede keer deze week tegen een pijnlijke nederlaag aangelopen. De club verloor vrijdagavond op eigen veld van Fortuna Sittard: 1-2.

 Eerder in de week verloor FC Utrecht in de kwartfinales van het bekertoernooi op eigen veld met 1-4 van de amateurs van Spakenburg, de nummer 7 van de tweede divisie.

 Rebound Douvikas

 In de eerste helft waren er maar een paar kansjes voor de thuisclub. Mark van der Maarel schoot van dichtbij over, na een fout bij de Limburgers achterin. Verder werd Sean Klaiber vrijgespeeld door Jens Toornstra, maar hij stuitte vervolgens op doelman Ivor Pandur. Aan de andere kant was er een goede poging van Iñigo Córdoba, maar hij vond Vasilis Barkas in het Utrechtse doel op zijn weg.

 Na de hervatting kwam FC Utrecht alsnog op voorsprong. Anastasios Douvikas, de Griekse topschutter, scoorde uit de rebound. Hij deed dat nadat Pandur in eerste instantie nog had gered bij een kopbal van Mike van der Hoorn.

 De gelijkmaker kwam in de 69e minuut op naam van Kristijan Bistrovic. De Kroaat profiteerde van een verdedigingsfout bij FC Utrecht. Met een fraaie individuele actie besliste Tijjani Noslin vlak voor tijd het duel in Limburgs voordeel.

 Basisplaats Labyad

 FC Utrecht speelde met Zakaria Labyad. Hij stond voor de eerste keer in ruim twee jaar in de basis bij een wedstrijd in de Eredivisie.

 De laatste keer dat de middenvelder van het begin meedeed speelde hij nog bij Ajax. Sindsdien kende Labyad veel tegenslagen, onder meer in de vorm van blessures. Hij keerde in februari terug bij FC Utrecht, na daar aanvankelijk op proef te hebben meegetraind.

###

";3p20o4g9vt1xm8j3drr63sxzo;ccpscwdcm65czscrun048ecn5;3ebril33e08ddzob4bhq8awsr;FC Utrecht;Fortuna Sittard;UTR;FOR;[['Fortuna Sittard', '3ebril33e08ddzob4bhq8awsr', 2, 77, 'K. Bistrović', 'YC'], ['Utrecht', 'ccpscwdcm65czscrun048ecn5', 2, 85, 'J. Toornstra', 'YC'], ['Utrecht', 'ccpscwdcm65czscrun048ecn5', 2, 96, 'S. van de Streek', 'YC']];[['Utrecht', 'ccpscwdcm65czscrun048ecn5', 2, 59, 'T. Douvikas'], ['Fortuna Sittard', '3ebril33e08ddzob4bhq8awsr', 2, 68, 'K. Bistrović'], ['Fortuna Sittard', '3ebril33e08ddzob4bhq8awsr', 2, 87, 'T. Noslin']]
637407;Feyenoord;FC Groningen;FEY;GRO;1;0;2023-03-04Z;2022-23 Eredivisie, Regulier seizoen;Feyenoord profiteert van discutabele rode kaart en wint in extremis van 10 man Groningen;"Feyenoord heeft de wedstrijd tegen Groningen met pijn en moeite gewonnen. In De Kuip werd het 1-0 voor de thuisploeg. De Rotterdammers speelden lange tijd met een man meer, omdat scheidsrechter Joey Kooij een discutabele rode kaart uitdeelde aan Isak Määttä. Feyenoord profiteerde optimaal en scoorde keer in de slotfase. Oussama Idrissi kreeg de bevrijdende treffer achter zijn naam.

 De eerste 45 minuten bepaalde Feyenoord het spel. De koploper had het merendeel van het balbezit en had de grootste kansen. Groningen loerde op de counter en dat deed het niet slecht. Elvis Manu was vooral dreigend en stond een paar keer op het punt om zijn oude ploeg pijn te doen. Timon Wellenreuther was hem echter steeds te snel af.

 Aan de andere kant was de eerste echt grote kans voor Dávid Hancko. Hij stond in de achttiende minuut op het punt om een afvallende bal binnen te knallen, maar Blokzijl gooide zichzelf in de baan van het schot. Gimenez kopte vlak voor rust nog nog bijna raak, maar vond Verrips op zijn pad.

 Discutabele rode kaart Groningen
In de 52ste minuut kwam FC Groningen met 10 man te staan vanwege een zeer discutabele rode kaart. Määttä ging een duel aan met Alireza Jahanbakhsh. Laatstgenoemde viel daarbij op de grond. Määttä schoot de bal vervolgens richting Jahanbakhsh, raakte de Iraniër en dat was voor Joey Kooij reden om de back van Groningen zijn tweede gele kaart te geven.

 De bal was op het moment van spelen gewoon in het spel en dus was de beslissing van Kooij minstens twijfelachtig te noemen.

 Feyenoord zocht vanzelfsprekend meer de aanval op na de rode kaart. De Rotterdammers hadden echter moeite om de groene muur van Groningen te slechten. In de 77ste minuut kwam invaller Danilo voor het eerst in de buurt van een goal. De Braziliaan kwam vrij voor Michael Verrips, maar de doelman van Groningen kon redding brengen op de ietwat povere poging.

 Feyenoord drukte door en ging in de slotfase met man en macht op zoek naar de openingstreffer. In de 86ste minuut kwam het heel erg dicht bij de 1-0. Invaller Ezequiel Bullaude kopte van dichtbij op de lat en Gimenez kopte daarna uit de rebound net over.

 In de 88ste minuut viel de goal dan toch. Idrissi gaf de bal voor, Danilo raakte hem net niet en de bal verdween in de verre hoek: 1-0.

 Even leek Feyenoord de wedstrijd daarna helemaal in het slot te gooien toen Bullaude de 2-0 binnentikte, maar de Argentijn zag zijn doelpunt afgekeurd worden. Gimenez, die vlak daarvoor op de paal raakte, stond buitenspel.

 De klap van de 1-0 kwam Groningen niet meer te boven en daarom houdt Feyenoord zijn voorsprong in de Eredivisie.

###

";3pbfhypu7sn4cwit12meocetw;20vymiy7bo8wkyxai3ew494fz;cos9hxi16eitbcbthof7zrm4m;Feyenoord Rotterdam;FC Groningen;FEY;GRO;[['Feyenoord', '20vymiy7bo8wkyxai3ew494fz', 1, 10, 'M. Pedersen', 'YC'], ['Groningen', 'cos9hxi16eitbcbthof7zrm4m', 1, 47, 'I. Määttä', 'YC'], ['Groningen', 'cos9hxi16eitbcbthof7zrm4m', 2, 52, 'I. Määttä', 'Y2C'], ['Groningen', 'cos9hxi16eitbcbthof7zrm4m', 2, 67, 'D. Dankerlui', 'YC'], ['Groningen', 'cos9hxi16eitbcbthof7zrm4m', 2, 74, 'L. van Gelderen', 'YC']];[['Feyenoord', '20vymiy7bo8wkyxai3ew494fz', 2, 88, 'O. Idrissi']]
637408;RKC Waalwijk;PSV;RKC;PSV;0;1;2023-03-05Z;2022-23 Eredivisie, Regulier seizoen;PSV stroef langs strijdbaar RKC in Brabantse derby;"PSV heeft zondagmiddag de strijd om Brabant gewonnen op bezoek bij RKC. In Waalwijk wonnen de Eindhovenaren met 0-1 dankzij een doelpunt van Johan Bakayoko. Het gat tot koploper Feyenoord werd zo weer verkleind tot zes punten.

 De ploeg van Ruud van Nistelrooij was zoekende in het eerste kwartier van de wedstrijd. Zowel PSV als RKC wist wel wat te creëren in het begin van het duel, maar echt grote kansen leverde het nog niet op. Het eerste schot op doel kwam op naam van Thierry Lutonda. De bal van de linksback van RKC werd over getikt door Joël Drommel die de geblesseerde Walter Benítez de komende tijd vervangt onder de lat.

 De Eindhovenaren kregen na achttien minuten spelen hun eerste grote kans. Patrick van Aanholt maakte het RKC-doelman Etienne Vaessen erg lastig met een vrije trap op de rand van de zestien. Vaessen wist de bal wel te parreren en ook de rebound van Fábio Silva ging er niet in door het toedoen van de keeper. Zo kwam de Brabantse derby na dik een kwartier spelen wat tot leven. In de dertigste minuut leek PSV op een 0-1 voorsprong te komen via Xavi Simons, maar hij zag zijn inzet op de lat belanden.

 In de 35ste minuut werd de sterke fase van PSV beloond. Na een aantal doelpogingen moest Vaessen, die een prima wedstrijd speelde, voor het eerst de bal uit het net halen. Na een kluts voor de goal kwam de bal bij Johan Bakayoko uit en de aanvaller schoot van dichtbij raak.

 Spannend tot het einde
In de tweede helft kwam RKC goed uit de kleedkamer. Het leverde ook bijna gelijk een goede kans op. Lutonda kwam voor de goal van Drommel, maar schoof net voorlangs. Niet veel later diende de tweede goede kans in de tweede helft zich alweer aan voor de Waalwijkers. Michiel Kramer kon vrij inkoppen, maar mikte net naast. Net als in de eerste helft nam PSV het even later over.

 De mannen van Van Nistelrooij kregen meer controle, maar moesten in de 56ste minuut wel verder zonder hun aanvoerder. Luuk de Jong raakte geblesseerd en kon niet verder. Anwar El Ghazi verving hem.

 Het laatste halfuur van de wedstrijd ging weer erg gelijk op. Er waren kansen over en weer, maar de 0-1 stand bleef lang op het scorebord staan. In de laatste minuten waren er kansen op de 0-2, maar ook zeker op de 1-1. De teams kwamen echter niet meer tot scoren, waardoor het bij 0-1 voor PSV bleef.

###

";3pf9zy7csf8zwat7rix8cn8d0;ed5nwjz5za3oyi20nxzgqivmx;24fvcruwqrqvqa3aonf8c3zuy;RKC Waalwijk;PSV Eindhoven;RKC;PSV;[];[['PSV', '24fvcruwqrqvqa3aonf8c3zuy', 1, 35, 'J. Bakayoko']]
637409;SC Cambuur Leeuwarden;Go Ahead Eagles;CAM;GAE;4;1;;2022-23 Eredivisie, Regulier seizoen;;;;;;;;;;;
637410;FC Volendam;FC Emmen;VOL;EMM;3;1;2023-03-04Z;2022-23 Eredivisie, Regulier seizoen;Veerkrachtig Volendam in slotfase langs Emmen;"FC Volendam heeft in eigen huis met 3-1 gewonnen van FC Emmen. Zo blijft de ploeg van Wim Jonk in 2023 ongeslagen in eigen huis. Met de overwinning verstevigt Volendam de veertiende plaats in de Eredivisie. Het gat tot de degradatiezone is nu vijf punten.

 Sterke eerste helft Emmen
Volendam is in 2023 één van de best presterende clubs in de Eredivisie, maar stond zaterdagavond in de eerste helft flink onder druk in het eigen stadion. De bezoekers uit Emmen hadden meer de bal en kwamen ook vaker bij de zestien van Volendam dan andersom. De ploeg van Dick Lukkien noteerde maar liefst zestien doelpogingen in de eerste 45 minuten. Richairo Zivkovic en Jeremy Antonisse waren de gevaarlijkste spelers aan de kant van Emmen. Samen namen ze de goal van Volendam negen keer onder vuur, maar het leverde geen doelpunten op.

 In de 28ste minuut was Emmen het dichtst bij een voorsprong. Uit een voorzet van Mark Diemers ging de bal via een Volendamse voet op de paal. De teams gingen rusten bij een stand van 0-0.

 Loon na werken
In de tweede helft had Emmen minder kansen nodig om tot een goal te komen. De eerste kans ging er na dertien seconden namelijk al in. Een inzet van Ole Romeny raakte de paal en ging uiteindelijk ongelukkig via Filip Stanković binnen. De goal kwam daardoor op naam van de Volendam-doelman.

 Volendam neemt het over
De teams maakten er een spannende, open wedstrijd van. Na meerdere ballen van de lijn viel het tweede doelpunt van de avond. Dit keer mocht het thuispubliek juichen. Benaissa Benamar kopte binnen en zette Volendam zo in de 67ste minuut weer naast Emmen. Dat doelpunt gaf Volendam vleugels, want de ploeg van Jonk liep in de slotfase zelfs weg bij Emmen.

 Bilal Ould-Chikh schoot zijn team in de 88ste minuut op 2-1 en even later gooide Daryl van Mieghem de wedstrijd op slot door in de 92ste minuut de 3-1 op het scorebord te zetten. Dit was ook de eindstand.

###

";3p5tfxwnwgk18a5hzfya9ruvo;6g9qrm72224jrk6tkxxxi8a9n;3t0vjqtxc8wpjzv82i3oi2ova;FC Volendam;FC Emmen;VOL;EMM;[['Emmen', '3t0vjqtxc8wpjzv82i3oi2ova', 2, 73, 'J. Vlak', 'YC']];[['Volendam', '6g9qrm72224jrk6tkxxxi8a9n', 2, 46, 'F. Stanković'], ['Volendam', '6g9qrm72224jrk6tkxxxi8a9n', 2, 67, 'B. Benamar'], ['Volendam', '6g9qrm72224jrk6tkxxxi8a9n', 2, 88, 'B. Ould-Chikh'], ['Volendam', '6g9qrm72224jrk6tkxxxi8a9n', 2, 92, 'D. van Mieghem']]
637411;AZ;FC Groningen;AZ;GRO;1;0;2023-03-11Z;2022-23 Eredivisie, Regulier seizoen;AZ door winst op FC Groningen nog maar 2 punten verwijderd van Feyenoord;"AZ is door een overwinning op FC Groningen nog maar twee punten verwijderd van koploper Feyenoord, die morgen in De Kuip nog punten kan pakken tegen FC Volendam. De thuisploeg scoorde in het AFAS Stadion al in de vierde minuut. Ondanks de snelle start lukte het de ploeg van Pascal Jansen niet om met ruime cijfers te winnen en bleef de stand tot het einde van de wedstrijd 1-0.

 Droomstart AZ
AZ kwam met een fraaie treffer van Jesper Karlsson op voorsprong. De Zweed trapte buiten het zestienmetergebied in de rechterbovenhoek voorbij Michael Verrips. Alhoewel de thuisploeg een snelle start had, werd FC Groningen in de loop van de eerste helft sterker en sterker. Elvis Manu had een grote kans om zijn ploeg op gelijke hoogte te schieten, maar die zag zijn schot via de paal terugkaatsen.

 3' - Doelpunt Jesper Karlsson. AZ - FC Groningen 1-0

 Vlak voor rust kreeg Groningen nog een vrije trap die vanaf een gevaarlijke plek werd genomen voor Mathew Ryan. Tomáš Suslov deed een goede poging, maar door een curve in het schot kwam de bal recht op Ryan af en kon hij de bal stoppen. Het was een wisselvallige eerste helft, waarin beide ploegen veel slordige foutjes maakten.

 Ook bij de start van de tweede helft begon AZ goed. Milos Kerkez kwam gevaarlijk vanaf de linkerkant, waar hij Jens Odgaard voor het doel van Groningen bereikte. De trap van Odgaard werd door de Groningse verdediging weggewerkt. In de 64ste minuut maakte Sam Beukema zijn rentree, die sinds begin januari aan de kant stond door een knieblessure.

 De kans voor Mijnans
Na een rustig verloop van de wedstrijd was daar ineens een grote kans voor Sven Mijnans. De middenvelder kreeg de bal op een presenteerblaadje van Djordje Mihailovic, maar door een slecht ingeschoten bal kon Verrips blokken. In de blessuretijd zette de uitploeg nog wat druk richting het doel van Ryan. Dat mocht alleen niet baten, waardoor AZ de wedstrijd met 1-0 won.

###

";3pqg9x6lroxa9kuywnazlhxqs;3kfktv64h7kg7zryax1wktr5r;cos9hxi16eitbcbthof7zrm4m;Alkmaar Zaanstreek;FC Groningen;AZ;GRO;[['Groningen', 'cos9hxi16eitbcbthof7zrm4m', 2, 57, 'L. van Gelderen', 'YC']];[['AZ', '3kfktv64h7kg7zryax1wktr5r', 1, 4, 'J. Karlsson']]
637412;FC Emmen;Excelsior;EMM;EXC;2;0;2023-03-11Z;2022-23 Eredivisie, Regulier seizoen;FC Emmen wint degradatiekraker van Excelsior;"FC Emmen heeft met 2-0 de degradatiekraker van Excelsior gewonnen. Het verschil tussen de nummer vijftien en zestien was voor aanvang van de wedstrijd twee punten in het voordeel van Excelsior. Door de winst van FC Emmen gaat het nu over de concurrent heen. Ook slaan de Emmenaren een gat van vier punten met FC Groningen, dat later op de avond aantreedt tegen AZ.

 Speldenprikjes en belangrijke reddingen
Het duurde ongeveer een kwartier voor de eerste kans kon worden genoteerd. Jeremy Antonisse zorgde namens Emmen met een zwabberschot voor gevaar. Excelsior-keeper Van Gassel had problemen met het keren van de bal, maar het leverde geen treffer op. Beide ploegen kwamen niet tot grote kansen. Wel werd het zestienmetergebied van de tegenstander door beide clubs opgezocht en speldenprikjes uitgedeeld. Zo was er een flits van Excelsior na bijna een halfuur spelen. Noah Naujoks draaide zich knap vrij, maar knalde de bal huizenhoog over het doel van FC Emmen. Beide doelmannen behoedden hun ploeg nemt belangrijke reddingen voor een achterstand. Zodoende werd bij een stand van 0-0 de kleedkamers opgezocht.

 Schwalbe
Direct na de hervatting was het weer een keeper die redding moest brengen. Mickey van der Hart redde twee maal na pogingen van Nikolas Agrafiotis. Ook Lamprou was dreigend. Hij dribbelde het doelgebied van FC Emmen in en passeerde daarbij de verdedigers van Emmen. Uiteindelijk kwam hij in de zestien ten val, maar de valpartij leverde Lamprou een gele kaart op wegens een schwalbe.

 Beslissende vijf minuten
Uiteindelijk werd de brilstand dan toch van het scorebord geschoten. Mark Diemers slingerde in de 63ste minuut uit een vrije trap de bal voor het doel. Romeny wist de bal buiten bereik van de keeper te koppen, waardoor hij de bal tegen het net zag vliegen. Na een controlecheck van de VAR werd het doelpunt goedgekeurd en was de 1-0 een feit. Vijf minuten later maakte Romeny zijn tweede doelpunt van de wedstrijd. Zivkovic zag zijn schot gekeerd worden, waardoor Romeny de rebound binnen schoot. De score veranderde niet meer, waardoor Emmen drie belangrijke punten binnen heeft gehengeld.

###

";3pu65ybsquwato6v76r91zdw4;3t0vjqtxc8wpjzv82i3oi2ova;dqk062lu0vm8epvytbm6r4mmf;FC Emmen;SBV Excelsior;EMM;EXC;[['Excelsior', 'dqk062lu0vm8epvytbm6r4mmf', 2, 56, 'L. Lamprou', 'YC'], ['Excelsior', 'dqk062lu0vm8epvytbm6r4mmf', 2, 63, 'C. Driouech', 'YC'], ['Emmen', '3t0vjqtxc8wpjzv82i3oi2ova', 2, 68, 'R. Živković', 'YC'], ['Excelsior', 'dqk062lu0vm8epvytbm6r4mmf', 2, 79, 'K. Goudmijn', 'YC']];[['Emmen', '3t0vjqtxc8wpjzv82i3oi2ova', 2, 63, 'O. Romeny'], ['Emmen', '3t0vjqtxc8wpjzv82i3oi2ova', 2, 71, 'O. Romeny']]
637413;Feyenoord;FC Volendam;FEY;VOL;2;1;2023-03-12Z;2022-23 Eredivisie, Regulier seizoen;Feyenoord boekt zege op Volendam in aanloop naar cruciale week;"In aanloop naar een cruciale week voor Feyenoord hebben de Rotterdammers met 2-1 gewonnen van FC Volendam. De Rotterdammers lijken klaar voor de week van de waarheid. Donderdag wacht het tweede duel met Shakhtar Donetsk in de Europa League en zondag moet Feyenoord op bezoek in de Johan Cruijff Arena voor een directe strijd om de koppositie.

 Het spelbeeld in de Kuip was duidelijk. Feyenoord had de bal en Volendam hield tegen. Het vele balbezit leverde de ploeg van Arne Slot niet veel kansen op. Het was zelfs het eerste duel dit seizoen dat Feyenoord voor rust geen enkel schot tussen de palen wist te noteren. Dat lukte Volendam wel. Een vallende bal op Veerman werd mooi aangenomen door de spits. Hij stuurde vervolgens Van Mieghem weg die Wellenreuther kansloos liet.

 In de rust greep Arne Slot in. Bullaude, Jahanbakhsh, en Szymanski kwamen in het veld voor Dilrosun, Danilo en Pedersen. Die wissels hadden effect. Feyenoord kwam beter in de wedstrijd en creëerde kansen. Dat leverde een kleine tien minuten na rust de gelijkmaker op. Geertruida worstelde zich langs zijn directe tegenstander en gaf strak voor waardoor Gimenez kon binnenwerken.

 Een kwartier voor tijd lukte het de Rotterdammers om de wedstrijd helemaal om te draaien. Gimenez trok de bal strak voor en die kwam ongelukkig tegen Damon Mirani aan die hem in eigen goal werkte. Volendam vocht nog voor wat het waard was maar het bleek niet genoeg. Xavier Mbuyamba kreeg nog een rode kaart voor het neerhalen van invaller Bullaude. Feyenoord gaat met drie punten voorsprong op Ajax op bezoek in de Johan Cruijff Arena.

 Feyenoord - Shakhtar Donetsk is donderdag om 18:45 uur LIVE te zien op ESPN 2.

###

";3pxxxpuuuk7o51hbtpdia191w;20vymiy7bo8wkyxai3ew494fz;6g9qrm72224jrk6tkxxxi8a9n;Feyenoord Rotterdam;FC Volendam;FEY;VOL;[['Feyenoord', '20vymiy7bo8wkyxai3ew494fz', 2, 68, 'O. Idrissi', 'YC'], ['Volendam', '6g9qrm72224jrk6tkxxxi8a9n', 2, 85, 'X. Mbuyamba', 'YC'], ['Volendam', '6g9qrm72224jrk6tkxxxi8a9n', 2, 94, 'X. Mbuyamba', 'RC']];[['Volendam', '6g9qrm72224jrk6tkxxxi8a9n', 1, 12, 'D. van Mieghem'], ['Feyenoord', '20vymiy7bo8wkyxai3ew494fz', 2, 52, 'S. Giménez'], ['Volendam', '6g9qrm72224jrk6tkxxxi8a9n', 2, 74, 'D. Mirani']]
637414;Fortuna Sittard;FC Twente;FOR;TWE;0;3;2023-03-11Z;2022-23 Eredivisie, Regulier seizoen;Twente doorbreekt uitvloek tegen Fortuna Sittard;"FC Twente is verlost van de vloek op vreemde bodem. Op bezoek bij Fortuna Sittard werd voor het eerst sinds 23 oktober 2022 een uitduel gewonnen. Na een eerste helft zonder doelpunten liep Twente in het tweede bedrijf uit naar een 0-3 zege. Basisspeler Manfred Ugalde beschaamde het vertrouwen van Ron Jans niet met twee doelpunten.

 Het duel begon zonder de twee kapstokken van beide elftallen. Clubtopscorer Burak Yilmaz – goed voor negen doelpunten – ontbrak bij de thuisploeg wegens een blessure. Ricky van Wolfswinkel, maakte er één minder dan Yilmaz, werd buiten de basis gehouden door Ron Jans ten faveure van Ugalde.

 Een matte eerste helft noopte Jans tot ingrijpen. Twente was de bovenliggende partij, domineerde in balbezit, maar kwam moeilijk tot doelrijpe kansen. Van Wolfswinkel kreeg een helft om zijn ploeg van de nul te brengen. Hij verving Sem Steijn.

 Na ruin een uur spelen kwam de verlossing voor Twente. Ramiz Zerrouki vond Václav Černý met een lange pass. De technische Tsjech rondde zijn dribbel af met een geplaatst schot in de verre hoek: 0-1. De openingstreffer van Černý werkte bevrijdend voor de ploeg uit Enschede. Ugalde schoot niet veel later, na een snel genomen vrije trap van Michel Vlap, de tweede Twentse treffer op het bord. Het duel werd een kwartier voor het einde in het slot gegooid. Opnieuw was Ugalde trefzeker. Op aangeven van Černý tikte de Costa Ricaan de 3-0 en tevens de eindstand binnen.

###

";3q1saw35qp5zk136y0vd6115g;3ebril33e08ddzob4bhq8awsr;4tic29sox7m39fy1ztgv0jsiq;Fortuna Sittard;FC Twente;FOR;TWE;[['Fortuna Sittard', '3ebril33e08ddzob4bhq8awsr', 1, 33, 'A. Ferati', 'YC'], ['Fortuna Sittard', '3ebril33e08ddzob4bhq8awsr', 1, 40, 'T. Noslin', 'YC'], ['Twente', '4tic29sox7m39fy1ztgv0jsiq', 2, 54, 'M. Hilgers', 'YC'], ['Fortuna Sittard', '3ebril33e08ddzob4bhq8awsr', 2, 85, 'M. van Beijnen', 'YC'], ['Twente', '4tic29sox7m39fy1ztgv0jsiq', 2, 89, 'M. Vlap', 'YC']];[['Twente', '4tic29sox7m39fy1ztgv0jsiq', 2, 67, 'V. Černý'], ['Twente', '4tic29sox7m39fy1ztgv0jsiq', 2, 71, 'M. Ugalde'], ['Twente', '4tic29sox7m39fy1ztgv0jsiq', 2, 77, 'M. Ugalde']]
637416;N.E.C.;FC Utrecht;N.E.C.;UTR;2;2;2023-03-12Z;2022-23 Eredivisie, Regulier seizoen;N.E.C. geeft voorsprong weg en speelt voor dertiende keer gelijk;"N.E.C. en FC Utrecht hebben allebei een punt overgehouden aan de onderlinge strijd. Na 61 minuten leidde de thuisploeg nog met 2-0, maar tien minuten later stond de eindstand van 2-2 op het scorebord.

 Na een halfuur spelen kwam N.E.C. op voorsprong. Na een prachtige aanval gaf Oussama Tannane een subtiel steekballetje op Landry Dimata, die koel afrondde. Direct na rust verdubbelde diezelfde Dimata de score, die een knappe actie van Magnus Mattson alleen maar hoefde binnen te tikken. Mattson passeerde Utrecht-doelman Vasilios Barkas omspeelde en de spits vrij voor het doel zette.

 Gouden wissel
Na 55 minuten besloot Utrecht-trainer Michael Silberbauer in te grijpen. Bas Dost, die voor het eerst sinds 22 januari weer bij de selectie zat na een blessure, verving Zakaria Labyad. Zeven minuten later was het al raak voor Dost, die het snelst reageerde op de rebound, na een schot van Sander van de Streek. Weer vier minuten later was het al gelijk, toen Othmane Boussaid een voorzet van Anastasios Douvikas binnen kon tikken.

 Het is voor N.E.C. alweer het dertiende gelijkspel van dit seizoen. Het record aantal gelijke spelen staat op naam van Sparta (1974/75), PEC Zwolle (1978/79) en FC Twente (1988/89). De Nijmegenaren blijven op de tiende plaats staan in de Eredivisie, FC Utrecht staat nog altijd zevende.

###

";3qa73odyjso2oejx9ifsvjj10;8iawijq7s9s6d85mjz8wdslki;ccpscwdcm65czscrun048ecn5;Nijmegen Eendracht Combinatie;FC Utrecht;N.E.C.;UTR;[['Utrecht', 'ccpscwdcm65czscrun048ecn5', 2, 53, 'Z. Labyad', 'YC'], ['Utrecht', 'ccpscwdcm65czscrun048ecn5', 2, 59, 'M. van der Hoorn', 'YC'], ['NEC', '8iawijq7s9s6d85mjz8wdslki', 2, 80, 'B. van Rooij', 'YC'], ['Utrecht', 'ccpscwdcm65czscrun048ecn5', 2, 80, 'M. van der Maarel', 'YC']];[['NEC', '8iawijq7s9s6d85mjz8wdslki', 1, 31, 'L. Dimata'], ['NEC', '8iawijq7s9s6d85mjz8wdslki', 2, 48, 'L. Dimata'], ['Utrecht', 'ccpscwdcm65czscrun048ecn5', 2, 63, 'B. Dost'], ['Utrecht', 'ccpscwdcm65czscrun048ecn5', 2, 67, 'O. Boussaid']]
637417;PSV;SC Cambuur Leeuwarden;PSV;CAM;5;2;2023-03-12Z;2022-23 Eredivisie, Regulier seizoen;PSV wint knotsgekke wedstrijd van Cambuur;"PSV heeft in spectaculaire wedstrijd Cambuur verslagen met 5-2. Door deze belangrijke zege komt PSV op 52 punten en staat het nog altijd op de vierde plek. Na de overwinningen van AZ en Ajax doet PSV wat het in eigen huis moet doen: winnen. Cambuur kent ondanks de getoonde wilskracht in Eindhoven een teleurstellende middag. De Leeuwarders blijven de hekkensluiter van de Eredivisie.

 In de twaalfde minuut was er applaus in het Philips stadion om de overleden PSV-steward Freddy Schepers te eren. Direct na dit gebaar volgde een grote kans voor de Eindhovenaren. Na goed combinatiespel loste Veerman van dichtbij een schot op doel, maar keeper Robbin Ruiter redde zijn team en hield de stand op 0-0.

 Vermakelijke fase
Toch kwam Cambuur op een verrassende voorsprong in Eindhoven. De ploeg van Sjors Ultee kwam er goed uit via een counter. De dieptepass kon niet worden onderschept door Van Aanholt, waardoor Remco Balk de bal voor zijn voeten kreeg. Met een bekeken schot, plaatste hij de bal in de rechterhoek en passeerde daarmee keeper Drommel. De laatste keer dat de speler kon juichen na een doelpunt was op 10 oktober 2020. Hij kon bijna voor een tweede keer feestvieren, want direct na zijn goal kreeg Balk de kans om zijn volgende doelpunt te maken. Maar hij zag zijn poging naast het doel belanden.

 Curieus doelpunt afgekeurd
De eerste helft was erg vermakelijk. PSV wist de schade drie minuten na de openingstreffer te repareren. Xavi Simons passeerde met zijn actie keeper Ruiter en werkte de bal in het doel: 1-1. Via een curieus doelpunt dacht PSV voor rust de voorsprong te pakken. Na een mislukte omhaal van Guus Til belandde de bal bij Branthwaite die de bal binnenschoot. Na een lange discussie tussen de VAR en de scheidsrechter werd de goal afgekeurd wegens hinderlijk buitenspel van Sangaré.

 In no time twee goals
Aan het begin van de tweede helft wist PSV de wedstrijd in no time naar zich toe te trekken. In één minuut wist het tot twee keer tot scoren te komen. Keeper Ruiter verkeek zich op een afstandsschot van Patrick van Aanholt. Waar even later El Ghazi zijn kans knap af kon ronden. Met zijn goal zorgde hij voor rust bij de supporters. Maar Cambuur liet zich niet kennen. Via een hoekschop kopte Johnsen tegen Sangaré aan, waardoor de bal tegen de touwen vloog: 3-2. Maar de gelijkmaker kwam niet. Na een onbegrijpelijke handsbal van Bergsma in het strafschopgebied volgde een penalty voor PSV. Deze werd door Silva benut. De PSV'ers zorgden in de slotfase voor een prachtig opgezette aanval dat uiteindelijk tot de 5-2 leidde. El Ghazi tekende voor zijn tweede doelpunt van de wedstrijd.

###

";3qeavkgpt9rjjetni8cp3v2ms;24fvcruwqrqvqa3aonf8c3zuy;ears40cp6opsgvhsy0dgyszpd;PSV Eindhoven;SC Cambuur Leeuwarden;PSV;CAM;[['Cambuur', 'ears40cp6opsgvhsy0dgyszpd', 1, 37, 'D. Schmidt', 'YC'], ['PSV', '24fvcruwqrqvqa3aonf8c3zuy', 2, 85, 'Fábio Silva', 'YC']];[['Cambuur', 'ears40cp6opsgvhsy0dgyszpd', 1, 22, 'R. Balk'], ['PSV', '24fvcruwqrqvqa3aonf8c3zuy', 1, 25, 'X. Simons'], ['PSV', '24fvcruwqrqvqa3aonf8c3zuy', 2, 54, 'P. van Aanholt'], ['PSV', '24fvcruwqrqvqa3aonf8c3zuy', 2, 56, 'A. El Ghazi'], ['PSV', '24fvcruwqrqvqa3aonf8c3zuy', 2, 61, 'I. Sangaré'], ['PSV', '24fvcruwqrqvqa3aonf8c3zuy', 2, 65, 'Fábio Silva'], ['PSV', '24fvcruwqrqvqa3aonf8c3zuy', 2, 88, 'A. El Ghazi']]
637418;Sparta Rotterdam;Vitesse;SPA;VIT;3;1;2023-03-11Z;2022-23 Eredivisie, Regulier seizoen;Sparta zet Vitesse met 3-1 aan de kant;"Sparta zet zaterdagavond de goede winstserie voort. Op Het Kasteel werd Vitesse met 3-1 aan de kant gezet. Door de overwinning blijven de Spartanen FC Twente in de nek hijgen. Het verschil tussen beide clubs is maar één punt. Vitesse blijft na deze verliespartij op de dertiende plaats staan. Door het verlies bij Sparta is de ploeg van Phillip Cocu aan een negatieve reeks bezig. De laatste vijf wedstrijden gingen allemaal verloren.

 Enerverende openingsfase
Het wachten op doelpunten duurde niet lang in deze wedstrijd. Binnen de eerste vijftien minuten lag de bal aan beide kanten één keer in het mandje. Zeven minuten na het eerste fluitsignaal wist Vitesse via Oroz op 0-1 te komen. Een mooie actie van Kozlowski ging daaraan vooraf.  Ook Sparta had het vizier op scherp staan. Vier minuten na de tegengoal wisten de Spartanen op gelijke hoogte te komen: 1-1. Via een vrije trap van Vito van Crooij kopte Arno Verschueren de bal achter keeper Scherpen.

 Voor Van Crooij was het zijn negende assist van het seizoen en was het de achtste goal van het seizoen voor Verschueren. Het is voor de laatstgenoemde een persoonlijk record, want hij maakte ooit voor NAC Breda zeven goals. Sparta nam na de gelijkmaker vaak het doel van Vitesse onder vuur, maar de schoten gingen er niet in. Toch ging Sparta met een voorsprong rusten. Op slag van rust werd de bal na voorzet door Scherpen weggetikt. Koki Saito wist met een volley af te ronden. Daardoor zocht zijn ploeg met een 2-1 voorsprong de kleedkamer op.

 Rode kaart
Het hoogtepunt in de tweede helft was de rode kaart voor Wittek. Na de overtreding werd scheidrechter Laurens Gerrets naar het scherm geroepen door de VAR. Na het bekijken van de beelden besloot de scheids de
Vitesse-speler van het veld te sturen. De beslissing hielp Sparta verder in het zadel, want al snel volgde uit een hoekschop van Vito van Crooij de 3-1. Kitolano gooide met zijn goal de wedstrijd in het slot.

###

";3qmdapy54174z82yt8f5ar66s;89w5c6pw7vn0dxypi61tt0g4k;6hsriqr3ybvyg94w2k19oal50;Sparta Rotterdam;SBV Vitesse;SPA;VIT;[['Vitesse', '6hsriqr3ybvyg94w2k19oal50', 1, 18, 'M. Wittek', 'YC'], ['Vitesse', '6hsriqr3ybvyg94w2k19oal50', 2, 80, 'M. Wittek', 'RC']];[['Vitesse', '6hsriqr3ybvyg94w2k19oal50', 1, 7, 'D. Oroz'], ['Sparta Rotterdam', '89w5c6pw7vn0dxypi61tt0g4k', 1, 11, 'A. Verschueren'], ['Sparta Rotterdam', '89w5c6pw7vn0dxypi61tt0g4k', 1, 45, 'K. Saito'], ['Sparta Rotterdam', '89w5c6pw7vn0dxypi61tt0g4k', 2, 87, 'J. Kitolano']]
637419;sc Heerenveen;Ajax;HEE;AJA;2;4;2023-03-12Z;2022-23 Eredivisie, Regulier seizoen;Ajax legt druk weer bij Feyenoord na vermakelijk duel in Friesland;"Ajax heeft de druk op Feyenoord weer opgevoerd na een zeer gemakkelijke 0-3 zege op sc Heerenveen. In het Abe Lenstra Stadion keek Heerenveen al na 20 minuten tegen een 0-3 achterstand aan, waarna het 2-4 werd.

 Drie snelle wissels na drie snelle goals
In Friesland kwam Ajax al heel snel gevaarlijk voor het doel van de vervanger van Andries Noppert. Zo maakte Mohammed Kudus in de elfde minuut zijn elfde van het seizoen. Na een goede dribbel van Edson Alvarez - die het middenveld vormde met Steven Berghuis en Kenneth Taylor - kwam de bal via Dusan Tadic bij de Ghanees, die de bal binnenschoof.

 Even later was het aan Alvarez zelf om de 0-2 te maken. Een droge knal vanaf de rand van het zestienmetergebied zorgde al na zestien minuten voor de 0-2. Alsof het nog niet erg genoeg was voor de ploeg van Kees van Wonderen werd het drie minuten later ook nog 0-3. Steven Bergwijn, die voor dreiging zorgde vanaf de linkerkant, schoot binnen op aangeven van Tadic.

 Van Wonderen had genoeg gezien en besloot nog voor het einde van de eerste helft maar liefst drie keer te wisselen. Zo kwamen Thom Haye, Sydney van Hooijdonk en Alex Timossi Andersson in de ploeg. Pelle van Amersfoort mocht blijven staan en zorgde voor rust nog wel voor de 3-1.

 Friezen drukken niet door
Na de rust bouwde Heerenveen niet verder op de treffer voor rust. Ajax nam het heft weer in handen en bracht de marge via Taylor weer terug naar drie doelpunten. Een hard schot in de korte hoek liet Xavier Mous voor de vierde en laatste keer vissen.

 Wel scoorde Heerenveen nog een keer om de spanning weer enigszins terug te laten keren. Invaller Van Hooijdonk kopte raak uit een voorzet van Osame Shraoui. Geronimo Rulli zag er net zoals bij de 1-3 weer niet zeker uit bij een hoge voorzet vanaf de zijkant.

 Zo legt Ajax, dat nu in punten gelijk staat met Feyenoord, de druk weer bij de Rotterdammers. De formatie van Arne Slot komt om 20:00 uur in actie tegen FC Volendam en kan het verschil met Ajax weer naar drie punten brengen in aanloop naar de Klassieker van volgende week.

###

";3qiazt6i0ois333dgtt9o6tck;4vd2t5schmvvufrfib7f2vjdf;d0zdg647gvgc95xdtk1vpbkys;SC Heerenveen;AFC Ajax;HEE;AJA;[['Heerenveen', '4vd2t5schmvvufrfib7f2vjdf', 1, 33, 'O. Sahraoui', 'YC'], ['Heerenveen', '4vd2t5schmvvufrfib7f2vjdf', 2, 88, 'P. van Amersfoort', 'YC'], ['Ajax', 'd0zdg647gvgc95xdtk1vpbkys', 2, 89, 'J. Timber', 'YC'], ['Ajax', 'd0zdg647gvgc95xdtk1vpbkys', 2, 92, 'S. Berghuis', 'YC']];[['Ajax', 'd0zdg647gvgc95xdtk1vpbkys', 1, 10, 'M. Kudus'], ['Ajax', 'd0zdg647gvgc95xdtk1vpbkys', 1, 16, 'E. Álvarez'], ['Ajax', 'd0zdg647gvgc95xdtk1vpbkys', 1, 19, 'S. Bergwijn'], ['Heerenveen', '4vd2t5schmvvufrfib7f2vjdf', 1, 42, 'P. van Amersfoort'], ['Ajax', 'd0zdg647gvgc95xdtk1vpbkys', 2, 52, 'K. Taylor'], ['Heerenveen', '4vd2t5schmvvufrfib7f2vjdf', 2, 79, 'S. van Hooijdonk']]
637420;Ajax;Feyenoord;AJA;FEY;2;3;2023-03-19Z;2022-23 Eredivisie, Regulier seizoen;Geertruida kopt Feyenoord naar eerste overwinning in Amsterdam sinds 2005;"Feyenoord heeft een spectaculaire editie van De Klassieker met 2-3 gewonnen. De ploeg van Arne Slot zet achtervolger Ajax op zes punten achterstand na een 2-3 overwinning. Lutsharel Geertruida kopte in de slotfase raak.

 Mexicanen breken Klassieker open
In een zeer open wedstrijd schoot Feyenoord uit de startblokken. Een uitstekend uitgespeelde aanval werd door Santiago Giménez koel achter doelman Gerónimo Rulli gewerkt: 0-1. Er waren op dat moment nog geen vijf minuten gespeeld.

 De andere Mexicaan op het veld: Ajax-verdediger Edson Álvarez kopte de gelijkmaker binnen uit een hoekschop van Steven Berghuis na zeventien minuten.

 Hartman snel gewisseld
Vlak na de gelijkmaker komt linksback van de Rotterdammers Quilindschy Hartman goed weg. De jonge verdediger, die afgelopen donderdag nog ziek was, kreeg al snel een gele kaart van scheidsrechter Danny Makkelie. Na twintig minuten ging Hartman opnieuw opzichtig in de fout, maar Makkelie besloot niet opnieuw een kaart te trekken.

 Arne Slot had echter wel genoeg gezien van Hartman, hij wisselde de verdediger al na 25 minuten voor Marcos Lopez.

 Ajax komt moeizame start te boven
Na een moeizame start kwam de ploeg van John Heitinga steeds beter in de wedstrijd. Aanvoerder Dusan Tadic bekroonde de betere fase in de 37e minuut met de 2-1 voor Ajax. Een aanval die via een prachtige pass van Steven Berghuis op Steven Bergwijn uiteindelijk door Tadic werd afgerond.

 Feyenoord schiet ook na rust uit de startblokken
Net als in de eerste helft weet Feyenoord ook na rust heel snel het net te vinden: 2-2. Ditmaal was het Sebastian Szymański die na een goede loopactie zelf de 2-2 op het scorebord schoot. Een wedstrijd kan weleens tegenvallen nadat er vooraf al vrijwel alles over gezegd en geschreven is: deze editie stelde geen minuut teleur.

 Het eerste gedeelte van de tweede helft was volledig voor de Rotterdammers. Feyenoord had de overhand, maar tot heel grote kansen leidde dat niet. Ondanks dat Feyenoord donderdagavond nog Europees in actie kwam, leek het elftal van Slot daar weinig last van te hebben.

 Spannende slotfase
Ajax bracht daarentegen weinig na rust. Mohammed Kudus liet weinig zien in deze wedstrijd, maar de aanvaller kreeg in de 84e minuut wel dé kans op de 3-2. Doelman Timon Wellenreuther redde echter uitstekend waardoor de 2-2 tussenstand bleef staan.

 Een minuut later was het Lutsharel Geertruida die namens Feyenoord wel het net wist te vinden: hij kopte uit een hoekschop binnen. Een doelpunt dat goud waard is voor Feyenoord. Het elftal van Arne Slot komt door deze overwinning op zes punten voorsprong van Ajax.

###

";3qqb1ugtdpy297ud1dzaxh3pw;d0zdg647gvgc95xdtk1vpbkys;20vymiy7bo8wkyxai3ew494fz;AFC Ajax;Feyenoord Rotterdam;AJA;FEY;[['Feyenoord', '20vymiy7bo8wkyxai3ew494fz', 1, 7, 'Q. Hartman', 'YC'], ['Feyenoord', '20vymiy7bo8wkyxai3ew494fz', 1, 27, 'O. Idrissi', 'YC'], ['Ajax', 'd0zdg647gvgc95xdtk1vpbkys', 1, 44, 'K. Taylor', 'YC'], ['Ajax', 'd0zdg647gvgc95xdtk1vpbkys', 2, 78, 'J. Sánchez', 'YC'], ['Feyenoord', '20vymiy7bo8wkyxai3ew494fz', 2, 81, 'M. Pedersen', 'YC'], ['Feyenoord', '20vymiy7bo8wkyxai3ew494fz', 2, 89, 'O. Kökçü', 'YC'], ['Feyenoord', '20vymiy7bo8wkyxai3ew494fz', 2, 91, 'M. López', 'YC']];[['Feyenoord', '20vymiy7bo8wkyxai3ew494fz', 1, 5, 'S. Giménez'], ['Ajax', 'd0zdg647gvgc95xdtk1vpbkys', 1, 17, 'E. Álvarez'], ['Ajax', 'd0zdg647gvgc95xdtk1vpbkys', 1, 37, 'D. Tadić'], ['Feyenoord', '20vymiy7bo8wkyxai3ew494fz', 2, 52, 'S. Szymański'], ['Feyenoord', '20vymiy7bo8wkyxai3ew494fz', 2, 86, 'L. Geertruida']]
637421;Excelsior;SC Cambuur Leeuwarden;EXC;CAM;4;1;;2022-23 Eredivisie, Regulier seizoen;;;;;;;;;;;
637422;FC Emmen;Sparta Rotterdam;EMM;SPA;0;2;2023-03-18Z;2022-23 Eredivisie, Regulier seizoen;Sparta klimt naar plek vijf na zege op Emmen;"Sparta heeft in de Eredivisie opnieuw goede zaken gedaan door met 0-2 te winnen van FC Emmen. Een prachtgoal van Koki Saito en een laat doelpunt van Vito van Crooij zorgden voor drie punten. Het betekende alweer de dertiende overwinning dit seizoen voor Sparta, dat pas de derde ploeg is dit seizoen die met een overwinning vertrok uit Emmen.

 Het was niet dat Emmen kansloos was tegen Sparta, dat tot een minuut voor de rust nog niet veel creëerde. De wedstrijd had een doelpunt nodig, en dat kreeg het ook op schitterende wijze. Saito stuurde twee verdedigers van Emmen het bos in en met een hard schot in de lange hoek liet hij Mickey van der Hart kansloos.

 In de tweede helft was de voorsprong voor Sparta ook te zien in het spel van beide ploegen. Emmen liet meer ruimte achterin, waar Sparta tot twee keer toe bijna van profiteerde via Arno Verschueren. De middenvelder vergat de wedstrijd in het slot te gooien, waardoor het tot het einde spannend bleef.

 Emmen was alleen niet bij machte om Sparta pijn te doen en een minuut voor tijd kreeg het de deksel op de neus. Van Crooij maakte op aangeven van Tobias Lauritsen alweer zijn negende van het seizoen.

 Zo keerden de Rotterdammers weer met drie punten huiswaarts. De ploeg van Maurice Steijn wipt door de overwinning over FC Twente heen en staat vijfde in de Eredivisie.

###

";3qxse99ao4tt7wnal54l36xhw;3t0vjqtxc8wpjzv82i3oi2ova;89w5c6pw7vn0dxypi61tt0g4k;FC Emmen;Sparta Rotterdam;EMM;SPA;[];[['Sparta Rotterdam', '89w5c6pw7vn0dxypi61tt0g4k', 1, 44, 'K. Saito'], ['Sparta Rotterdam', '89w5c6pw7vn0dxypi61tt0g4k', 2, 89, 'V. van Crooij']]
637423;FC Groningen;sc Heerenveen;GRO;HEE;0;2;2023-03-19Z;2022-23 Eredivisie, Regulier seizoen;sc Heerenveen wint onrustige Derby van het Noorden;"sc Heerenveen heeft met 0-2 gewonnen van FC Groningen in de Derby van het Noorden. Het was een wedstrijd die ontsierd werd door veel onrust in de tweede helft. De spelers probeerden actie te ondernemen om de rust te laten wedekeren. Maar de Groningen-spelers raakten daarbij slaags met de eigen fans. Uiteindelijk werd de wedstrijd hertvat, maar de score veranderde niet meer. Door de winst klimmen de Friezen naar plaats negen. FC Groningen blijft door het verlies op de zeventiende plaats in de gevarenzone. Vooraf aan de wedstrijd werd het grote nieuws naar buiten gebracht dat Dick Lukkien, de huidige trainer van FC Emmen, vanaf het nieuwe seizoen de nieuwe trainer wordt van FC Groningen.

 Kanonskogel
De eerste kans van de wedstrijd was voor de thuisploeg. Na een counteractie bracht FC Groningen-aanvaller Elvis Manu zich knap in positie om het doel onder vuur te nemen. Zijn keiharde schot spatte vol op de lat.

 Sfeeractie
In de twaalfde minuut volgde een prachtige sfeeractie van de Groningen-supporters in de Euroborg. Met een sjaaltjesactie werd de ploeg, die in degradatiezone verkeert, een hart onder de riem gestoken. Het zorgde voor een positieve reactie op het veld, want FC Groningen wist druk te blijven houden op het Friese doel. Tegen de verhoudingen in was het Sydney van Hooijdonk die voor sc Heerenveen de score opende. Een schot van buiten de zestien wist keeper Michael Verrips niet goed te verwerken, waardoor hij de bal los liet. Van Hooijdonk was er als de kippen bij om 'm binnen te schieten. De spits keerde na afwezigheid door een blessure weer terug in de basis. Het was vandaag zijn 50ste eredivisieduel.

 Déjà vu 
Op slag van rust kwam de tweede goal in deze wedstrijd op dezelfde wijze tot stand als de eerste. Keeper Verrips kon opnieuw een schot niet goed redden en bracht daardoor de bal weer voor de voeten van Van Hooijdonk. Die had opnieuw het neusje voor het doel en kon voor de tweede keer juichen. Met een 0-2 tussenstand werden de kleedkamers opgezocht.

 Spel silgelegd
De Groningers kwamen de achterstand niet meer te boven. Doorgevoerde wissels konden niet voor een ommekeer zorgen. Dat leidde tot veel onrust op de tribunes van de Euroborg. Onder andere Jetro Willems probeerde de fans tot kalmte te brengen, maar dat werd hem niet door iedereen in dank afgenomen en ontving een klap. Daarop besloot scheidsrechter Serdar Gözübüyük het spel stil te leggen in de 80ste minuut. Het is niet de eerste keer dat het spel in Groningen werd stilgelegd. Eerder dit seizoen zorgden supporters al vaker voor onrust. Na de spelhervatting vielen er geen doelpunten meer.

###

";3r1k5dqrw10mnnl9pgq05cnbo;cos9hxi16eitbcbthof7zrm4m;4vd2t5schmvvufrfib7f2vjdf;FC Groningen;SC Heerenveen;GRO;HEE;[['Heerenveen', '4vd2t5schmvvufrfib7f2vjdf', 1, 15, 'T. Haye', 'YC']];[['Heerenveen', '4vd2t5schmvvufrfib7f2vjdf', 1, 27, 'S. van Hooijdonk'], ['Heerenveen', '4vd2t5schmvvufrfib7f2vjdf', 1, 40, 'S. van Hooijdonk']]
637424;FC Twente;AZ;TWE;AZ;2;1;2023-03-19Z;2022-23 Eredivisie, Regulier seizoen;AZ kan Europese glorie geen gevolg geven in Enschede;"AZ heeft het prachtige succes in de Conference League, in de Eredivisie geen gevolg kunnen geven. Op bezoek bij FC Twente ging de ploeg van Pascal Jansen met 2-1 onderuit.

 De thuisploeg stond al binnen tien minuten op een riante 2-0 voorsprong. Twee keer was het Manfred Ugalde die, helemaal vrijstaand, binnen kon koppen. Vorige week was Ugalde ook al twee keer trefzeker tegen Fortuna Sittard. Na een half uur spelen had de Costa Ricaan de wedstrijd moeten beslissen, maar zijn schot van dichtbij ging meters over.

 Aansluitingstreffer AZ 
In de tweede helft koos AZ steeds meer de aanval. Het resulteerde na 65 minuten in de aansluitingstreffer van Jesper Karlsson. De Zweedse buitenspeler werd fenomenaal weggestuurd door Jordy Clasie, die de aanvaller met buitenkant voet diepstuurde. Karlsson bleef oog in oog met Lars Unnerstall koel, en schoof de bal in de korte hoek.

 Het slotoffensief bracht uiteindelijk niks op voor de Alkmaarders waardoor FC Twente er met de overwinning vandoorging. Door de nederlaag is AZ er niet in geslaagd op vijf punten van koploper Feyenoord te komen, waardoor de weg naar de landstitel voor de Rotterdammers openligt.

###

";3r7900aaeot600500r7ta3thw;4tic29sox7m39fy1ztgv0jsiq;3kfktv64h7kg7zryax1wktr5r;FC Twente;Alkmaar Zaanstreek;TWE;AZ;[['Twente', '4tic29sox7m39fy1ztgv0jsiq', 2, 61, 'Julio Pleguezuelo', 'YC'], ['AZ', '3kfktv64h7kg7zryax1wktr5r', 2, 74, 'J. Karlsson', 'YC'], ['Twente', '4tic29sox7m39fy1ztgv0jsiq', 2, 93, 'V. Černý', 'YC']];[['Twente', '4tic29sox7m39fy1ztgv0jsiq', 1, 8, 'M. Ugalde'], ['Twente', '4tic29sox7m39fy1ztgv0jsiq', 1, 11, 'M. Ugalde'], ['AZ', '3kfktv64h7kg7zryax1wktr5r', 2, 66, 'J. Karlsson']]
637425;FC Utrecht;Go Ahead Eagles;UTR;GAE;1;2;2023-03-18Z;2022-23 Eredivisie, Regulier seizoen;Willumsson schenkt Go Ahead in extremis drie belangrijke punten;"Voor Go Ahead Eagles zijn de degradatiezorgen flink afgenomen na een belangrijke zege op FC Utrecht. Willum Thór Willumsson werd het goudhaantje met de winnende treffer in 94ste minuut. Hij bepaalde de eindstand op 1-2. De formatie van Rene Hake voelde zich in de eerste helft nog flink benadeeld, omdat er geen penalty werd gegeven na een handsbal van Utrecht-verdediger Remon Hendriks. 

 FC Utrecht en Go Ahead Eagles stonden voor de aftrap uitgebreid stil bij de slachtoffers van de tramaanslag vier jaar geleden. Er werd een minuut stilte gehouden en beide supportersgroepen betuigden steun door middel van spandoeken.

 Douvikas alleen aan kop
De wedstrijd in de Galgenwaard brandde pas echt los in de staart van de eerste helft. Op aangeven van Boussaid schoof Douvakis zijn dertiende doelpunt van het seizoen binnen, waarmee hij nu alleen topscorer is van de Eredivisie.

 Go Ahead Eagles dacht meteen wat terug te doen, maar de Deventer club werd een penalty onthouden. Hendriks gooide zich voor een inzet van Lidberg, waarbij de bal duidelijk de armen van de Utrecht-verdediger raakte. Scheidsrechter Bos werd naar het scherm geroepen, maar wilde ook na het zien van de beelden geen strafschop geven aan de gasten. Achteraf liet Bos weten dat hij geen penalty toekende omdat het de steunarm betrof van Hendriks. Toch kreeg de ploeg van Rene Hake iets van gerechtigheid. Op slag van rust maakte Edvardsen gelijk.

 Venijn opnieuw in de staart
In de tweede helft toonden beide ploegen de wil om te winnen. Dat maakte het spelbeeld rommelig en de kansen gering. Toch kon er nog gejuicht worden. Zij het wel door het vak bevolkt met supporters Deventer. In extremis schoot Willumsson naar de overwinning met zijn vijfde treffer van het seizoen.

 Go Ahead Eagles heeft door de overwinning op Utrecht nu 29 punten. De voorsprong op nummer 16 Excelsior is negen punten. Ook moeten de Deventenaren de thuiswedstrijd tegen RKC Waalwijk nog inhalen. Voor Utrecht was het de wedstrijd op een rij waarin niet gewonnen werd.

###

";3rb088jsiak9zorqenhtyb8k4;ccpscwdcm65czscrun048ecn5;b79uipsy57y1jqpy07h4i5ovk;FC Utrecht;Go Ahead Eagles;UTR;GAE;[['Utrecht', 'ccpscwdcm65czscrun048ecn5', 1, 20, 'R. Kluivert', 'YC'], ['Utrecht', 'ccpscwdcm65czscrun048ecn5', 1, 21, 'J. Toornstra', 'YC'], ['Go Ahead Eagles', 'b79uipsy57y1jqpy07h4i5ovk', 1, 33, 'B. Adekanye', 'YC'], ['Go Ahead Eagles', 'b79uipsy57y1jqpy07h4i5ovk', 2, 86, 'J. Amofa', 'YC']];[['Utrecht', 'ccpscwdcm65czscrun048ecn5', 1, 41, 'T. Douvikas'], ['Go Ahead Eagles', 'b79uipsy57y1jqpy07h4i5ovk', 1, 48, 'O. Edvardsen'], ['Go Ahead Eagles', 'b79uipsy57y1jqpy07h4i5ovk', 2, 94, 'W. Willumsson']]
637426;FC Volendam;Fortuna Sittard;VOL;FOR;2;1;;2022-23 Eredivisie, Regulier seizoen;;;;;;;;;;;
637427;RKC Waalwijk;N.E.C.;RKC;N.E.C.;1;3;2023-03-18Z;2022-23 Eredivisie, Regulier seizoen;N.E.C. heeft play-offs in vizier na spektakelstuk tegen RKC;"Na een uiterst vermakelijke wedstrijd mag N.E.C. zich de nieuwe nummer acht van de Eredivisie noemen. De Nijmegenaren wonnen met 1-3 op bezoek bij RKC Waalwijk. Het was een duel waarin Oussama Tannane, Jasper Cillessen en Etienne Vaessen uitblonken.

 Cillessen sta-in-de-weg voor RKC
Na het eerste fluitsiginaal ontvouwde zich een levendige openingsfase in het Mandemakers Stadion. Cillessen liet zien waarom hij weer bij Oranje zit met uitstekende reddingen op pogingen van Lelieveld en Clement. Aan de andere kant stichtte Landry Dimata gevaar voor de Nijmegenaren. Een doelpunt kon niet uitblijven, en dat doelpunt kwam er uiteindelijk van de linkervoet van Tannane. Met een schot in de benedenhoek gaf hij Etienne Vaessen het nakijken. Al snel nam N.E.C. meer afstand. Dirk Proper stuurde Tavsan weg, die zich goed vrijkapte en genadeloos binnenschoot. Niet veel later was Tannane opnieuw trefzeker. Na ruim een half uur zat de ploeg van Rogier Meijer op rozen.

 Kansenregen blijft aanhouden
De tweede helft was nog geen 17 seconden oud toen Higler al naar de stip wees. De scheidsrechter gaf een strafschop na een vermeende overtreding op Dimata. De VAR greep in en draaide die beslissing terug. Een opsteker voor RKC, dat een kwartier later weer iets van hoop kreeg. Anita schoot de 1-3 binnen na een goede actie van Mats Seuntjens. RKC dat niet opgaf, kreeg een domper te verwerken toen de bal wél op de stip ging na een overtreding van Shawn Adewoye op El Karouani. Tannane mocht aanleggen voor z'n derde, maar Vaessen pakte zijn inzet.

 De kansenregen bleef maar aanhouden. Tavsan raakte het houtwerk en invaller Andri Baldursson stuitte op Vaessen. RKC werd niet meer zo gevaarlijk als de gasten. De Nijmeegse defensie stond geen doelpunt meer toe. Zodoende eindigde een specatulair duel in een zege voor N.E.C. De Nijmegenaren krijgen nu FC Utrecht in zicht, dat één punt meer en op de gewenste play-off-plek staat.

###

";3ripcv8bn1r5qlzf9z7ktsufo;ed5nwjz5za3oyi20nxzgqivmx;8iawijq7s9s6d85mjz8wdslki;RKC Waalwijk;Nijmegen Eendracht Combinatie;RKC;N.E.C.;[['RKC Waalwijk', 'ed5nwjz5za3oyi20nxzgqivmx', 1, 29, 'Y. Oukili', 'YC'], ['RKC Waalwijk', 'ed5nwjz5za3oyi20nxzgqivmx', 2, 46, 'E. Vaessen', 'YC'], ['NEC', '8iawijq7s9s6d85mjz8wdslki', 2, 76, 'S. El Karouani', 'YC']];[['NEC', '8iawijq7s9s6d85mjz8wdslki', 1, 18, 'O. Tannane'], ['NEC', '8iawijq7s9s6d85mjz8wdslki', 1, 26, 'E. Tavşan'], ['NEC', '8iawijq7s9s6d85mjz8wdslki', 1, 31, 'O. Tannane'], ['RKC Waalwijk', 'ed5nwjz5za3oyi20nxzgqivmx', 2, 61, 'V. Anita']]
